ready,poem_id,display_name,collection,year,place_id,place_name,#verses,1st line,dialect number,dialect,orthography,Genre,Runosong,comment,
yes,skvr01107250,SKVR I2 725.,skvr,1872,skvr_6030,Kontokki,228,"Savu soarella palave,",18,Viena Karelian,standard Finnish,runosong (narrative),x,,
yes,skvr01203790,SKVR I4 379.,skvr,1904,skvr_6135,Kiimaisjärvi,28,"Pintikk' on Pirulan neiti,",19,South Karelian,Karelian ,runosong (charm),x,,
yes,skvr02104540,SKVR II 454.,skvr,1901,skvr_6290,Vieljärvi,13,"Jouvuin minä juonile pahoile,",20,Livvi dialect,standard Finnish with voiced consonants and tsh for tš,runosong (lyric),x,,
yes,skvr02105350,SKVR II 535.,skvr,1909,skvr_6230,Repola,23,Ku sulhasen kodih tuuaa:,19,South Karelian,standard Finnish with some palatalisations and voiced consonants,runosong (wedding song),x,,
yes,skvr02106040,SKVR II 604.[[#1]],skvr,1884,skvr_6215,Porajärvi,8,Lorua.,19,South Karelian,standard Finnish,runosong (children's song),x,,
yes,skvr02107140,SKVR II 714.,skvr,1900,skvr_6285,Tulemajärvi,19,Ishkendähih.,19,South Karelian,standard Finnish with voiced consonants and tsh for tš,runosong (charm),x,,
yes,skvr02112400,SKVR II 1240.,skvr,1895,skvr_6565,Maksuatiha,5,"Oudi böyd'i böböläńe,",21,Tver Karelian,Karelian,runosong (children's song) & childrens' song,x & six beat meter,,
yes,skvr03105870,SKVR III1 587.,skvr,1877,skvr_6460,Soikkola,29,"Katrina kotikanaine,",23,Soikkola Ingrian,Standard Finnish,runosong (narrative),x,,
yes,skvr04117570,SKVR IV2 1757.,skvr,1856,skvr_9210,Keski-Inkeri,42,"Kuin miun issäin eläsi,",5,Southeastern,Standard Finnish,runosong (lyric),x,,
yes,skvr04140290,SKVR IV3 4029.,skvr,1891,skvr_6375,Kaprio,79,"Pyhä ukko armolliin,",24,Hevaa Ingrian,Standard Finnish,runosong (calendary),x,,
yes,skvr04146320,SKVR IV3 Vatja 4632.,skvr,1844,skvr_6450,Kattila,29,"Nyt saab lunta uutta lunta,",26,Votic,"Standard Finnish & ŏ for õ, kj, ts, tj for tš",runosong (narrative),x,,
yes,skvr04146910,SKVR IV3 Vatja 4691.,skvr,1877,skvr_6450,Kattila,26,"""Čihlagovirzi"" (Laskiaisvirsi",26,Votic,"Standard Finnish & ë, õ for õ, ü for y, palatalisation",runosong (calendary),x,,
yes,skvr04147970,SKVR IV3 Vatja 4797.,skvr,1914,skvr_6450,Kattila,15,tšihлagō nätälillä<REFNR>1</,26,Votic,phonetic transcription with some personal system,runosong (calendary),x,,
yes,skvr05218500,SKVR V2 1850.,skvr,1894,skvr_6341,Vuole,23,"""Mihi hiironen männöö",5,Southeastern dialect,Standard Finnish,runosong (song for children),x,,
yes,skvr05307390,SKVR V3 739.,skvr,1888,skvr_6326,Lempaala,9,Tulo- tah Läksi[jäis]häissä ku,25,North Ingrian,Standard Finnish,runosong (wedding song),x,(very near to Ingrian Finnish),
yes,skvr06101290,SKVR VI1 129.,skvr,1700,skvr_9050,Etelä-Savo,19,Hämmähäcki<REFNR>1</REFNR> huo,4,Savo dialect,18th century variant ,runosong (narrative),x,,
yes,skvr06108010,SKVR VI1 801.,skvr,1894,skvr_9050,Etelä-Savo,3,Vanha naimatapa Savossa.,4,Savo dialect,Standard Finnish,runosong (wedding song),x,,
yes,skvr06132930,SKVR VI1 3293.,skvr,1692,skvr_3410,Rantasalmi,35,"O sinä, rauta rauka,",4,Savo dialect,17th century variant,runosong (charm),x,,
yes,skvr06133330,SKVR VI1 3333.,skvr,1700,skvr_9050,Etelä-Savo,105,"Rauta rehki kilta kilpi,",4,Savo dialect,18th century variant,runosong (charm),x,,"often ä for e (retained, as can also refer to the way the words are pronounced)"
yes,skvr06134460,SKVR VI1 3446.,skvr,1700,skvr_9050,Etelä-Savo,72,Veren Seusatos Sanat.,4,Savo dialect,18th century variant,runosong (charm),x,,
yes,skvr06140240,SKVR VI2 4024.,skvr,1927,skvr_3590,Maaninka,10,"Kartta Pohjolan emäntä,",4,Savo dialect,Standard Finnish,runosong (charm),x,,
yes,skvr06144050,SKVR VI2 4405.,skvr,1700,skvr_9050,Etelä-Savo,5,Nikan sanat.,4,Savo dialect,Standard Finnish,runosong (charm),x,harmonised by the first publisher?,
yes,skvr06146150,SKVR VI2 4615.,skvr,1700,skvr_3270,Juva,8,Ähkysanat.,4,Savo dialect,Standard Finnish,runosong (charm),x,harmonised by the first publisher?,
yes,skvr06146190,SKVR VI2 4619.,skvr,1700,skvr_9050,Etelä-Savo,23,ähky boica ähweröynen,4,Savo dialect,"18 century variant, difficult",runosong (charm),x,,
yes,skvr06159430,SKVR VI2 5943.,skvr,1700,skvr_3270,Juva,9,Hiirelle.,4,Savo dialect,Standard Finnish,runosong (charm),x,,
yes,skvr07216130,SKVR VII4 loitsut 1613.,skvr,1895,skvr_4170,Eno,6,"Mist on pulumat puuttununna,",4,Savo dialect,Standard Finnish,runosong (charm),x,,
yes,skvr07238120,SKVR VII5 loitsut 3812.,skvr,1884,skvr_4090,Korpiselkä,52,"
				<I>Karjavirsi.</I><REFNR>",19,South Karelian,Finnish with some Karelian sibilants,runosong (charm),x,,
yes,skvr07239280,SKVR VII5 loitsut 3928.,skvr,1847,skvr_9090,Pohjois-Karjala,13,"
				<I>Karhun synty.</I>",4,Savo dialect,Standard Finnish,runosong (charm),x,,
yes,skvr07301620,SKVR VII5 Metsäs. 162.,skvr,1700,skvr_9250,Metsäsuomalaisten alue,39,Käſi Wäinämöiſen hacattin,4,Savo dialect,17th century orthography,runosong (charm),x,"First the poem, then a version by the editors in modern orthography",
yes,skvr08109860,SKVR VIII 986.,skvr,1674,skvr_360,Nousiainen,26,"
				<I>En Kårt Beskrifvelse o",1,Southwestern dialect,17th century orthography,runosong (narrative / proverb),x,"text of 2 lines, only two words in other than contemporary orthography",
yes,skvr08110060,SKVR VIII 1006.,skvr,1700,skvr_114,Turku,125,"Hywä Herra Hertu Carle,",1,Southwestern dialect,"18th century orthography, many variants for s",runosong (narrative),x,,
yes,skvr08110080,SKVR VIII 1008.,skvr,1700,skvr_114,Turku,83,"
                                <I>Öfver Hertig Caris ſed",1,Southwestern dialect,"18th century orthography, many variants for s",runosong (narrative),x,,
yes,skvr08110100,SKVR VIII 1010.,skvr,1738,skvr_141,Mynämäki,5,"Mons <I>Jutinwuori,</I> pagum ",1,Southwestern dialect,"18th century orthography, many variants for sibilants",runosong (narrative),x,,
yes,skvr08129770,SKVR VIII 2977.,skvr,1909,skvr_230,Kuusjoki,4,"Nuku, nuku lapsi-parka",1,Southwestern dialect,Standard Finnish,runosong (lullaby),x & transitional,,
yes,skvr08146870,SKVR VIII 4687.,skvr,1913,skvr_430,Pöytyä,12,"Kutitin kutitin kumppanii,",1,Southwestern dialect,Standard Finnish,runosong (shepherd song),x,,
yes,skvr09101980,SKVR IX1 198.,skvr,1913,skvr_2840,Renko,5,Tule meille Tuamas kulta,3,Häme dialect,Standard Finnish,runosong (calendary),x,,
yes,skvr09133270,SKVR IX1 3327.,skvr,1913,skvr_2530,Hämeenlinna,2,Aa aa akkan kuali,3,Häme dialect,Standard Finnish,runosong / transitional (children's song),x & transitional,,
yes,skvr09200240,SKVR IX2 24.,skvr,1850,skvr_9030,Häme,17,"Muistinpa minäi muinon,",3,Häme dialect,Standard Finnish,runosong (lyric),x,learned from two songs in Kantele by Lönnrot,
yes,skvr09318800,SKVR IX3 1880. ,skvr,1914,skvr_2740,Loppi,6,"Pois pilvi Pietolahan,",3,Häme dialect,Standard Finnish,runosong (charm),x,,
yes,skvr10116841,SKVR X1 1684 α.,skvr,1918,skvr_561,Tampere,4,Varis istui aidan päällä,3,Häme dialect,Standard Finnish,runosong (song for children),x,,
yes,skvr10123400,SKVR X1 2340.,skvr,1923,skvr_860,Merikarvia,4,Verensulku sanat.,2,Southeastern transitional dialect,Standard Finnish,runosong (charm),x,,
yes,skvr10148370,SKVR X2 4837.,skvr,1687,skvr_1050,Vesilahti,6,Rovasti Mårten Stenius syyttää,3,Häme dialect,17th century variant,runosong (charm),x,,
yes,skvr10149470,SKVR X2 4947.,skvr,1687,skvr_640,Hämeenkyrö,18,Matti Erikinpoika Kilvakkalast,3,Häme dialect,17th century variant,runosong (charm),x,,
yes,skvr11105320,SKVR XI 532.,skvr,1680,skvr_4740,Lohtaja,5,Komeilla sanoilla aloittikin A,7,Central and North Ostrobothnia dialect,17th century variant,runosong (charm),x,,
yes,skvr11105340,SKVR XI 534.,skvr,1678,skvr_4561,Kokkola,2,Eräs noita-akka oli ottanut vi,7,Central and North Ostrobothnia dialect,17th century variant,runosong (charm),x,,
yes,skvr11105650,SKVR XI 565.,skvr,1680,skvr_4740,Lohtaja,5,Kirkonväkeen turvasi Antti Tok,28,Finland Swedish,17th century variant,Swedish charm,prose,,
yes,skvr11107150,SKVR XI 715.,skvr,1658,skvr_4520,Isokyrö,17,[<I>Kiroissa.</I>],7,Central and North Ostrobothnia dialect,17th century variant,runosong (charm),x,,
yes,skvr11108440,SKVR XI 844.,skvr,1890,skvr_4930,Ylihärmä,11,"Pilvi kaukaa näkyy,",7,Central and North Ostrobothnia dialect,17th century variant,runosong (charm),x,"shortened words, meter not evident",
yes,skvr11108930,SKVR XI 893.,skvr,1658,skvr_4520,Isokyrö,1,"Maasta maahiset tulewat, maa 
",7,Central and North Ostrobothnia dialect,17th century variant,runosong (charm),x,,
yes,skvr11115860,SKVR XI 1586.,skvr,1658,skvr_4520,Isokyrö,34,"O sinuas, rauta raucka,",7,Central and North Ostrobothnia dialect,17th century variant,runosong (charm),x,,
yes,skvr11118010,SKVR XI 1801.,skvr,1658,skvr_4520,Isokyrö,9,[<I>Tulenvihoille.</I>],7,Central and North Ostrobothnia dialect,17th century variant,runosong (charm),x,,
yes,skvr12100150,SKVR XII1 15.,skvr,1789,skvr_9110,Pohjois-Pohjanmaa,6,Den kunnige och vördige <I>Wäi,7,Central and North Ostrobothnia dialect,18th century variant,runosong (narrative),x,,
yes,skvr12100780,SKVR XII1 78.,skvr,1789,skvr_9110,Pohjois-Pohjanmaa,3,"HIIDEN- HIRVI, - - - I Finska ",7,Central and North Ostrobothnia dialect,18th century variant,runosong (narrative),x,,
yes,skvr12100970,SKVR XII1 97.,skvr,1789,skvr_9110,Pohjois-Pohjanmaa,2,Kavet päästi päivän paistamaan,7,Central and North Ostrobothnia dialect,18th century variant,runosong (narrative),x,,
yes,skvr12103220,SKVR XII1 322.,skvr,1786,skvr_9110,Pohjois-Pohjanmaa,10,[[Sana:]]lähden:,7,Central and North Ostrobothnia dialect,18th century variant,runosong (narrative / proverb),x,,
yes,skvr12138360,SKVR XII1 3836.,skvr,1789,skvr_9110,Pohjois-Pohjanmaa,3,[Syöjätär- -] anses äfven för ,7,Central and North Ostrobothnia dialect,18th century variant,runosong (charm),x,,
yes,skvr12139730,SKVR XII1 3973.,skvr,1786,skvr_9110,Pohjois-Pohjanmaa,6,[[Sana:]]Karpa:,7,Central and North Ostrobothnia dialect,18th century variant,runosong (charm),x,,
yes,skvr12139770,SKVR XII1 3977.,skvr,1786,skvr_9110,Pohjois-Pohjanmaa,3,"Sämsä poika Seuterwoinen,",7,Central and North Ostrobothnia dialect,18th century variant,runosong (narrative),x,,
yes,skvr12144940,SKVR XII1 4494.,skvr,1789,skvr_9110,Pohjois-Pohjanmaa,5,Aluen-Järvi eller <I>Ljemon-we,7,Central and North Ostrobothnia dialect,18th century variant,runosong (charm),x,,
yes,skvr12145140,SKVR XII1 4514.,skvr,1728,skvr_5200,Pyhäjärvi Ol.,29,[- - -] Sotilasvirkatalon asuk,7,Central and North Ostrobothnia dialect,18th century variant,runosong (charm),x,,
yes,skvr12149620,SKVR XII2 4962.,skvr,1789,skvr_9110,Pohjois-Pohjanmaa,5,"PAHOLAINEN, En ond ande, djefv",7,Central and North Ostrobothnia dialect,18th century variant,runosong (charm),x,,
yes,skvr12149650,SKVR XII2 4965.,skvr,1789,skvr_9110,Pohjois-Pohjanmaa,2,"SYÖJÄTÄR, [- -] af <I>Syöjätär",7,Central and North Ostrobothnia dialect,18th century variant,runosong (charm),x,,
yes,skvr12152690,SKVR XII2 5269.,skvr,1789,skvr_9110,Pohjois-Pohjanmaa,17,RUTIANKOSKI.,7,Central and North Ostrobothnia dialect,18th century variant,runosong (charm),x,,
yes,skvr12153020,SKVR XII2 5302.,skvr,1678,skvr_5070,Liminka,5,I badstuga.,7,Central and North Ostrobothnia dialect,17th century variant,runosong (charm),x,,
yes,skvr12153030,SKVR XII2 5303.,skvr,1678,skvr_5070,Liminka,6,[I badstuga.],7,Central and North Ostrobothnia dialect,17th century variant,runosong (charm),x,,
yes,skvr12154090,SKVR XII2 5409.,skvr,1789,skvr_9110,Pohjois-Pohjanmaa,7,[RUHO.] Han var en obäklig Res,7,Central and North Ostrobothnia dialect,18th century variant,runosong (charm),x,,
yes,skvr12161130,SKVR XII2 6113.,skvr,1789,skvr_9110,Pohjois-Pohjanmaa,3,"RÄJJÄNES, en updiktad ond ande",7,Central and North Ostrobothnia dialect,18th century variant,runosong (charm),x,,
yes,skvr12162020,SKVR XII2 6202.,skvr,1700,skvr_9110,Pohjois-Pohjanmaa,34,Då en qwinna skal föda.,7,Central and North Ostrobothnia dialect,18th century variant,runosong (charm),x,,
yes,skvr12175440,SKVR XII2 7544.,skvr,1880,skvr_9110,Pohjois-Pohjanmaa,5,[- -] Kylvämään mennessään [na,7,Central and North Ostrobothnia dialect,Standard Finnish,charm,rhythmic prose,,
yes,skvr12179130,SKVR XII2 7913.,skvr,1700,skvr_9110,Pohjois-Pohjanmaa,14,Luovin loihteminen.,7,Central and North Ostrobothnia dialect,18th century variant,runosong (charm),x,,
yes,skvr12187190,SKVR XII2 8719.,skvr,1789,skvr_9110,Pohjois-Pohjanmaa,4,[JUMALA.] De gamle Finnar hade,7,Central and North Ostrobothnia dialect,Standard Finnish,runosong (narrative / charm),x,,
yes,skvr12187270,SKVR XII2 8727.,skvr,1789,skvr_9110,Pohjois-Pohjanmaa,4,"ROMENTOLA, En ohyggelig skog. ",7,Central and North Ostrobothnia dialect,Standard Finnish,runosong (charm),x,,
yes,skvr13028290,SKVR XIII2 2829.,skvr,1837,skvr_9070,Etelä-Karjala,11,Kirkkoon ottaissa.,5,Southeastern dialect,Standard Finnish,runosong (charm),x,,
yes,skvr13088130,SKVR XIII3 8813.,skvr,1687,skvr_3910,Rautu,20,Mot ormbett:,5,Southeastern dialect,17th century variant,runosong (charm),x,,
yes,skvr13094580,SKVR XIII3 9458.,skvr,1850,skvr_9070,Etelä-Karjala,6,Siikaselle eli vihneelle:,5,Southeastern dialect,Standard Finnish,runosong (charm),x,,
yes,skvr14122250,SKVR XIV 2225. ,skvr,1736,skvr_2390,Tuusula,7,Byggmästaren Hannula uppgaf at,3,Häme dialect,Standard Finnish,runosong (charm),x,,
yes,skvr15100080,SKVR XV 8.,skvr,1702,nan,nan,5,Ei cangas corjellen cudota;,36,Western Finnish (mostly),18th century orthography variant,runosong (proverb),x,"These are extremely problematic scholarly constructions, may contain linguistic features from several langauge areas",
yes,skvr15100130,SKVR XV 13.,skvr,1702,nan,nan,9,"Etzei Suomet sorkeinda,",36,Western Finnish (mostly),18th century orthography variant,runosong (proverb),x,"These are extremely problematic scholarly constructions, may contain linguistic features from several langauge areas",
yes,skvr15101160,SKVR XV 116.,skvr,1786,nan,nan,7,"Soisit mun viholliseni,",36,Western Finnish (mostly),18th century orthography variant,runosong (lyric),x,"These are extremely problematic scholarly constructions, may contain linguistic features from several langauge areas",
yes,skvr15101200,SKVR XV 120.,skvr,1786,nan,nan,4,"Käkesin mä käpiä naeda,",36,Western Finnish (mostly),18th century orthography variant,runosong (lyric),x,"These are extremely problematic scholarly constructions, may contain linguistic features from several langauge areas",
yes,skvr15101350,SKVR XV 135.,skvr,1786,nan,nan,10,Katos nuoita mjekkosia ...,36,Western Finnish (mostly),18th century orthography variant,runosong (lyric),x,"These are extremely problematic scholarly constructions, may contain linguistic features from several langauge areas",
yes,skvr15101522,SKVR XV 152b.,skvr,1786,nan,nan,4,"Hypyt, tansit tavattomat",36,Western Finnish (mostly),18th century orthography variant,runosong (lyric),x,"These are extremely problematic scholarly constructions, may contain linguistic features from several langauge areas",
yes,skvr15101620,SKVR XV 162.,skvr,1786,nan,nan,5,"Kuuro päivää kuluu,",36,Western Finnish (mostly),18th century orthography variant,runosong (proverb),x,"These are extremely problematic scholarly constructions, may contain linguistic features from several langauge areas",
yes,skvr15101820,SKVR XV 182.,skvr,1786,nan,nan,10,"Lypsin minä lyypöttelin,",36,Western Finnish (mostly),18th century orthography variant,runosong (children's song),x,"These are extremely problematic scholarly constructions, may contain linguistic features from several langauge areas",
yes,skvr15101900,SKVR XV 190.,skvr,1786,nan,nan,8,Veli kulta veikkoseni,36,Western Finnish (mostly),18th century orthography variant,runosong (calendary)?,x,"These are extremely problematic scholarly constructions, may contain linguistic features from several langauge areas",
yes,skvr15102180,SKVR XV 218.,skvr,1786,nan,nan,18,"Ken katehen kahtono(vi),",36,Western Finnish (mostly),18th century orthography variant,runosong (charm),x,"These are extremely problematic scholarly constructions, may contain linguistic features from several langauge areas",
yes,skvr15102230,SKVR XV 223.,skvr,1786,nan,nan,9,"Kaikki kaihehen sysätyt,",36,Western Finnish (mostly),18th century orthography variant,runosong (charm),x,"These are extremely problematic scholarly constructions, may contain linguistic features from several langauge areas",
yes,skvr15102340,SKVR XV 234.,skvr,1786,nan,nan,41,"(Vuorest on veden sikiä,)",36,Western Finnish (mostly),18th century orthography variant,runosong (charm),x,"These are extremely problematic scholarly constructions, may contain linguistic features from several langauge areas",
yes,skvr15102430,SKVR XV 243.,skvr,1786,nan,nan,13,"Neityt Maaria emoinen,",36,Western Finnish (mostly),18th century orthography variant,runosong (charm),x,"These are extremely problematic scholarly constructions, may contain linguistic features from several langauge areas",
yes,skvr15102490,SKVR XV 249.,skvr,1786,nan,nan,10,"Tummene sinä tulonen,",36,Western Finnish (mostly),18th century orthography variant,runosong (charm),x,"These are extremely problematic scholarly constructions, may contain linguistic features from several langauge areas",
yes,skvr15102960,SKVR XV 296.,skvr,1786,nan,nan,16,Kulki koihka tjetä myöden - -,36,Western Finnish (mostly),18th century orthography variant,runosong (charm),x,"These are extremely problematic scholarly constructions, may contain linguistic features from several langauge areas",
yes,skvr15102990,SKVR XV 299.,skvr,1786,nan,nan,8,"Maast on maahinen ylennyt,",36,Finnish,18th century orthography variant,runosong (charm),x,"These are extremely problematic scholarly constructions, may contain linguistic features from several langauge areas",
yes,skvr15103060,SKVR XV 306.,skvr,1786,nan,nan,12,"Salapoika (Väinämöisen,",36,Western Finnish (mostly),18th century orthography variant,runosong (charm),x,"These are extremely problematic scholarly constructions, may contain linguistic features from several langauge areas",
yes,skvr15103140,SKVR XV 314.,skvr,1786,nan,nan,9,Mene tuonne kunnak käsken:,36,Western Finnish (mostly),18th century orthography variant,runosong (charm),x,"These are extremely problematic scholarly constructions, may contain linguistic features from several langauge areas",
yes,skvr15103160,SKVR XV 316.,skvr,1786,nan,nan,11,"Rijsi poika Rijjentehen,",36,Finnish,18th century orthography variant,runosong (charm),x,"These are extremely problematic scholarly constructions, may contain linguistic features from several langauge areas",
yes,skvr15103220,SKVR XV 322.,skvr,1786,nan,nan,33,"Ähky poika Ähmeröinen,",36,Western Finnish (mostly),18th century orthography variant,runosong (charm),x,"These are extremely problematic scholarly constructions, may contain linguistic features from several langauge areas",
yes,skvr15103710,SKVR XV 371.,skvr,1786,nan,nan,5,"[Korppi kolmen lemmon lintu,]",36,Finnish,18th century orthography variant,runosong (charm),x,"These are extremely problematic scholarly constructions, may contain linguistic features from several langauge areas",
yes,ars0104990010,"ARS 1, 499/500 (10)",erab,1927,erab_c108,Setumaa,27,Mõrsja koolõtaminõ,17,Seto,,transitional (game song),transitional,"well, this is a game song, not sure if runosong but not differring of it anyway",
yes,ekms40100930139,"EKmS 4° 1, 93 (139)",erab,1878,erab_p10,Viru-Nigula,13,"Suriks ära seegi meesi,",9,Central,,runosong (lyric),x,,
yes,eks0500110007,"EKS 5, 11/2 (7)",erab,1915,erab_c4,Läänemaa,29,Kassi laul.,37,North Estonian,,chain song / runosong,chain song / runosong,"Western or Central, half of it a chain song, which is not proper runosong but close enough",
yes,era200703520005,"ERA II 7, 352/3 (5)",erab,1928,erab_p43,Märjamaa,10,"Üten hällin härjaliha,",16,Tartu,,runosong (calendary),x,,
yes,era200901010004,"ERA II 9, 101 (4)",erab,1928,erab_p33,Emmaste,3,"Peeter, Peeter, piimahabe,",33,Estonian,,not runosong children rhyme,children rhyme,,
yes,era201003030001,"ERA II 10, 303 (1)",erab,1929,erab_p96,Tartu,10,Hällilaul:,16,Tartu,,transitional (lullaby),transitional,half-runosong,
yes,era201702520173,"ERA II 17, 252/3 (173)",erab,1929,erab_p66,Kihnu,12,"Kui sie eit põle enne nutnud,",10,Island,,runosong (wedding song),x,,
yes,era203000970003,"ERA II 30, 97 (3)",erab,1930,erab_p97,Torma,5,"Laske sisse kadrisanti,",37,North Estonian,,runosong (calendary),x,"the only specific word ""küitsed"" seems to refer to Kolga Jaani vana kannel, not sure, though",
yes,era203203650010,"ERA II 32, 365/7 (10)",erab,1930,erab_p66,Kihnu,19,"Mis sest härjast söömalt süüa,",10,Island,,runosong (lyric),x,,
yes,era203601950002,"ERA II 36, 195/6 (2)",erab,1931,erab_p101,Kanepi,25,"Kulla emä, tsirgu emä,",16,Tartu,,newer song (game song),newer song,newer game song,
yes,era207003330001,"ERA II 70, 333 (1)",erab,1934,erab_p125,Rakvere l.,5,Mängude sõnu,33,Standard Estonian & German,,not runosong children rhyme,children rhyme,,
yes,era207206830022,"ERA II 72, 683 (22)",erab,1934,erab_p97,Torma,2,Lepatriinu kus pool sõda,33,Standard Estonian,,not runosong children rhyme,children rhyme,Too short,
yes,era207207010009,"ERA II 72, 701 (9)",erab,1934,erab_p97,Torma,4,"Liiri, lõõri lõoke",33,Standard Estonian,,runosong (children song),x,Too short,
yes,era207208550005,"ERA II 72, 855 (5)",erab,1934,erab_p97,Torma,3,"Koer läks karja kompa kampa,",33,Standard Estonian,,not runosong children rhyme,children rhyme,Too short,
yes,era207209190010,"ERA II 72, 919 (10)",erab,1934,erab_p97,Torma,4,"Midli madli, kudusin kangast,",33,Standard Estonian,,not runosong nature sound,nature sound,Too short,
yes,era207801520003,"ERA II 78, 152 (3)",erab,1934,erab_p74,Helme,9,Karjatse laul,14,Mulgi,,runosong (lyric),x,,
yes,era208003410240,"ERA II 80, 341/2 (240)",erab,1934,erab_c108,Setumaa,21,"Lätsi küllä, lätsi küllä kükäk",17,Seto,,runosong (lyric),x,,
yes,era210102140008,"ERA II 101, 214/5 (8)",erab,1935,erab_p83,Kambja,31,"Mäng eriti noortele, poistele",33,Standard Estonian,,transitional song,transitional,transitional song game,
yes,era212300820083,"ERA II 123, 82/3 (83)",erab,1936,erab_p77,Paistu,19,"Lähme kiikma, katsum' kiiku,",14,Mulgi,,runosong (calendary),x,,
yes,era212601970012,"ERA II 126, 197/8 (12)",erab,1936,erab_p104,Rõuge,41,"Ku olli nuuri neiokõne,",15,Võro,,runosong (narrative),x,,
yes,era214700180008,"ERA II 147, 18/20 (8)",erab,1937,erab_p43,Märjamaa,35,Hakkame mehed minema.,11,Western,,runosong (lyric),x,,
yes,era215104990004,"ERA II 151, 499/501 (4)",erab,1937,erab_c108,Setumaa,34,Vanaimäkene,17,Seto,,runosong (lyric),x,may be a lament,
yes,era216102270022,"ERA II 161, 227/9 (22)",erab,1937,erab_p28,Kuusalu,42,"Toin mina Narvast naise nuore,",13,Northeastern coastal,,runosong (lyric),x,,
yes,era216600650068,"ERA II 166, 65 (68)",erab,1937,erab_p3,Jõhvi,4,"Enniga-penniga sihel-sa,",33,non-language,,not runosong children rhyme,children rhyme,,
yes,era217201600004,"ERA II 172, 160 (4)",erab,1939,erab_p12,Ambla,5,A P,33,Standard Estonian,,not runosong children rhyme,children rhyme,,
yes,era219001990005,"ERA II 190, 199/201 (5)",erab,1938,erab_c108,Setumaa,34,Tulli üles hummogulla.,17,Seto,,chain song /runosong (lyric),x,,
yes,era21900204008a,"ERA II 190, 204 (8a)",erab,1938,erab_c108,Setumaa,4,Sõimamisõ.,17,Seto,,not runosong children rhyme,children rhyme,,
yes,era22480349000b,"ERA II 248, 349 (b)",erab,1939,erab_c108,Setumaa,9,Kui ma muistse noori oli,17,Seto,,runosong (lyric),x,,
yes,era225300200009,"ERA II 253, 20 (9)",erab,nan,erab_p86,Laiuse,4,"Kuulge, teie tüdrukud,",37,North Estonian,,runosong (lyric),x,"no specific dialect features, transitional, not a proper runosong, but the verses are proper runosong verses",
yes,estk0200970115,"E, StK 2, 97 (115)",erab,1921,erab_p10,Viru-Nigula,6,Vanatüdruk lootis jõuluks meh,37,North Estonian,,transitional song,transitional,no specific dialect features,
yes,estk0300530005,"E, StK 3, 53 (5)",erab,1921,erab_p72,Tõstamaa,19,"Emakene, hellakene,",37,North Estonian,,runosong (wedding song),x,one word (kaokook) with Western tint,
yes,estk0500110002,"E, STK 5, 11 (2)",erab,1921,erab_p62,Audru,7,"Laala, laala suukene,",11,Western,,runosong (lyric),x,,
yes,estk0501860031,"E, StK 25, 186/9 (31)",erab,1924,erab_c108,Setumaa,65,<U>Imel pallõ tütrid oll</U>.,17,Seto,,runosong (narrative),x,,
yes,estk1501170082,"E, StK 15, 117 (82)",erab,1922,erab_p65,Karksi,18,Taas ma laulan tõisipidi,14,Mulgi,,runosong (lyric),x,,
yes,estk2301160001,"E, StK 23, 116 (1)",erab,1924,erab_p36,Karuse,4,Viherpuu mu vennike,11,Western,,runosong (lyric),x,,
yes,estk4000730109,"E, StK 40, 73/4 (109)",erab,1927,erab_p18,Peetri,22,"Poisid, poisid, pungissilmad,",9,Central or Western,,runosong (lyric),x,,
yes,e0000000X0078,E X 17 (78),erab,0,erab_p93,Rõngu,8,"Sirise, sirise, sirpi,",37,North Estonian,,runosong (lyric),x,,
yes,e000066940001,E 6694/6 (1),erab,1893,erab_p72,Tõstamaa,93,Peiuke ja poisike,11,Western,,runosong (narrative),x,,
yes,e000130710023,E 13071/3 (23),erab,1889,erab_p36,Karuse,37,Kadri laul õuues.,11,Western,,runosong (calendary),x,,
yes,e000156560142,E 15656 (142),erab,1895,erab_p21,Harju-Jaani,11,Kelle need kuused kumavad,9,Central,,runosong (lyric),x,,
yes,e000203010003,E 20301/2 (3),erab,1895,erab_p93,Rõngu,16,Kui ma olli esa kotun <REFR>ka,16,Tartu,,runosong (lyric),x,,
yes,e000203150009,E 20315 (9),erab,1895,erab_p93,Rõngu,9,Pruudi pulmarahva vastu laul ,16,Tartu,,runosong (wedding song),x,,
yes,e000249000026,E 24900 (26),erab,1896,erab_p68,Pärnu-Jaagupi,16,Läksin metsa kõndima,11,Western,,runosong (narrative),x,,
yes,e000252410001,E 25241/45 (1),erab,1896,erab_p52,Jämaja,65,Torgu mõis.,33,Standard Estonian,"newer song, not runosong",newer song,rhymed,newer song,
yes,e000401360005,E 40136 (5),erab,1900,erab_p96,Tartu,49,Mul oli üksi vennakene,12,Eastern,only some dialect features,runosong (narrative),x,,
yes,e000429160000,E 42916,erab,1902,erab_p60,Pöide,10,Vares vankus vahterusa,10,Island,only some dialect features,runosong (lyric),x,,
yes,e000513390039,E 51339 (39),erab,1914,erab_c7,Viljandimaa,4,Ei panna ilu padaje,9,Central,only some dialect features,runosong (lyric),x,,
yes,e000522050000,E 52205,erab,1892,erab_p90,Palamuse,20,Et olge uhked meie mehed,9,Central,only some dialect features,runosong (recruit song),x,,
yes,e000594650000,E 59465/7,erab,1926,erab_p66,Kihnu,36,"Annekene, õekene,",10,Island,only some dialect features,runosong (lyric),x,,
yes,e000685380005,E 68538/9 (5),erab,1930,erab_c108,Setumaa,31,"Tulli iks ma üles hommokulla,",17,Seto,,runosong (lyric),x,,
yes,e000711700006,E 71170 (6),erab,1931,erab_p89,Otepää,10,Kari mul mängib kaasikussa,16,Tartu,only slight dialect markers,runosong (lyric),x,,
yes,e000854260002,E 85426 (2),erab,1933,erab_p124,Pärnu l.,13,Pulmalaul.,37,North Estonian,no specific dialect markers,runosong (wedding song),x,,
yes,eys0413630084,EÜS IV 1363 (84),erab,1907,erab_p57,Muhu,10,Ma viin tukkuja toasta,10,Island,some dialect markers,runosong (wedding song),x,,
yes,eys0415420081,EÜS IV 1542 (81),erab,1907,erab_p78,Pilistvere,2,"Nüüd on kohus koju minna,",37,North Estonian,no specific dialect markers,runosong (lyric),x,,
yes,h20604900130,"H II 6, 490/1 (130)",erab,1890,erab_p57,Muhu,28,"Kiigutajad, kõigutajad,",10,Western Islands,,runosong (swinging song),x,,
yes,h20708050014,"H II 7, 805 (14)",erab,1889,erab_p2,Iisaku,7,"Siiks, siiks saia viiks,",12,Eastern,,transitional song (song game),transitional,includes meaningless words,
yes,h21003870114,"H II 10, 387 (114)",erab,1889,erab_p10,Viru-Nigula,21,Ku' me lähme õed ellad,37,North Estonian,,runosong (lyrical),x,very few features of coastal dialect,
yes,h21706930081,"H II 17, 693/4 (81)",erab,1890,erab_p48,Varbla,23,Perenaene põrgulene,37,North Estonian,,runosong (lyrical),x,some Western/Pärnu features,
yes,h22403540121,"H II 24, 354/5 (121)",erab,1887,erab_p74,Helme,19,Pulmalaulud,14,Mulgi,,runosong (wedding song),x,,
yes,h22500950062,"H II 25, 95/6 (62)",erab,1888,erab_p74,Helme,11,"&amp;quot;Oi, Muri Mari Madale",14,Mulgi,,runosong (lyrical),x,,
yes,h22511320026,"H II 25, 1132/3 (26)",erab,1889,erab_p77,Paistu,40,Emäkene ennekene,14,Mulgi,,runosong (lyrical),x,some Estonian at the end (probably a motif from literary sources),
yes,h23000660003,"H II 30, 66 (3)",erab,1889,erab_p91,Puhja,11,Tohi ei tõõsta laulda,37,North Estonian,,runosong (lyrical),x,some features of tartu (or southernestonian),
yes,h23000680012,"H II 30, 68 (12)",erab,1889,erab_p91,Puhja,7,Sõtsikese linnukese,37,North Estonian,,runosong (lyrical),x,some features of tartu (or southernestonian),
yes,h23105460002,"H II 31, 546 (2)",erab,1890,erab_p94,Sangaste,14,Jummal tiiap tsõtsikene,16,tartu,,runosong (lyrical),x,strong influences of võru?,
yes,h23200870077,"H II 32, 87 (77)",erab,1888,erab_p100,Hargla,16,Pulmalaulud.,15,võru,,runosong (wedding song),x,"some specific, archaic and incomprehensible words",
yes,h23601580203,"H II 36, 158/9 (203)",erab,1893,erab_p106,Urvaste,18,"Kui iks ime minnu olli,",15,võru,,runosong (lyrical),x,,
yes,h23602660412,"H II 36, 266 (412)",erab,1893,erab_p106,Urvaste,2,Viinast pää mul halutas,15,võru,,runosong (fragment),x,,
yes,h23702730007,"H II 37, 273 (7)",erab,1892,erab_p3,Jõhvi,24,Mehele mina meneksin,37,North Estonian,,runosong (lyrical),x,some features of northeastern coastal dialect,
yes,h24006680016,"H II 40, 668/9 (16)",erab,1891,erab_c110,välismaa,20,"Läksin metsä kondimaie,",13,Northeastern coastal,,runosong (lyrical),x,,
yes,h24006910037,"H II 40, 691 (37)",erab,1892,erab_c110,välismaa,9,"Nüüd kulub kuoje mennä,",13,Northeastern coastal,,runosong (lyrical),x,,
yes,h24007000016,"H II 40, 700 (16)",erab,1892,erab_c110,välismaa,13,"Saisin minä saksisele,",13,Northeastern coastal,,runosong (lyrical),x,,
yes,h24304830023,"H II 43, 483 (23)",erab,1893,erab_p78,Pilistvere,11,Oleks minu olemine,37,North Estonian,,runosong (lyrical),x,,
yes,h24406010004,"H II 44, 601 (4)",erab,1893,erab_p94,Sangaste,18,"Liinanaine Liisukene,",16,Tartu,,runosong (lyrical),x,,
yes,h24406170058,"H II 44, 617 (58)",erab,1893,erab_p94,Sangaste,6,"Vellekene noorekõne,",16,Tartu,,runosong (lyrical),x,,
yes,h24504220003,"H II 45, 422/3 (3)",erab,1891,erab_c110,välismaa,12,Tütarlapsed linnukesed,12,Eastern,,runosong (lyrical),x,,
yes,h24603060011,"H II 46, 306 (11)",erab,1894,erab_p1,Haljala,10,"Läksin linna lillakale,",37,North Estonian,,runosong (lyrical),x,,
yes,h25805820004,"H II 58, 582/4 (4)",erab,1897,erab_p73,Vändra,41,Olin mina enne noorukene,37,North Estonian,,runosong (lyrical),x,some Western words,
yes,h25807780009,"H II 58, 778/80 (9)",erab,1896,erab_p78,Pilistvere,60,"Ma isa hiline orja,",9,Central,,runosong (lyrical),x,,
yes,h26601600063,"H II 66, 160/2 (63)",erab,1898,erab_p58,Mustjala,32,"Empel, tempel moorjen",33,Standard Estonian,,newer song,newer song,this is not a proper runosong; some meaningless words derived from German,
yes,h26804900006,"H II 68, 490/1 (6)",erab,1903,erab_p122,Narva l.,10,Seni ollin ella eide poega,37,North Estonian,,runosong (lyrical),x,,
yes,h30201200004,"H III 2, 120/1 (4)",erab,1889,erab_p1,Haljala,12,Rannamehe laul,13,Northeastern coastal,,runosong (lyrical),x,,
yes,h30701130078,"H III 7, 113/4 (78)",erab,1889,erab_p127,Viljandi l.,13,Varest ronka vaidelesid,37,North Estonian,,runosong (lyrical),x,some archaic features,
yes,h30803540002,"H III 8, 354/5 (2)",erab,1890,erab_p90,Palamuse,18,Tõuse üles isakene,37,North Estonian,,runosong (lyrical),x,some Eastern features,
yes,h31104200015,"H III 11, 420 (15)",erab,1890,erab_p106,Urvaste,17,"Kuulõ kulla koduimä,",15,Võru,,runosong (lyrical),x,,
yes,h31307630018,"H III 13, 763/6 (18)",erab,1893,erab_c110,välismaa,69,"Seni oli mul hea põli,",37,North Estonian,,runosong (lyrical),x,,
yes,h31502160003,"H III 15, 216 (3)",erab,1892,erab_p96,Tartu,13,Ei mina nea neidusida,37,North Estonian,,runosong (lyrical),x,,
yes,h31605540003,"H III 16, 554/5 (3)",erab,1889,erab_c110,välismaa,22,Ärge mihed minda naerge,11,Western,,runosong (lyrical),x,,
yes,h32204160006,"H III 22, 416 (6)",erab,1893,erab_c110,välismaa,12,"Neiukene, noorukene",37,North Estonian,,runosong (lyrical),x,,
yes,h32505810010,"H III 25, 581 (10)",erab,1895,erab_p77,Paistu,13,Peremees peremeheke,14,Mulgi,,runosong (lyrical),x,,
yes,h33003270000,"H III 30, 327/9",erab,1903,erab_c110,välismaa,44,"
(rahva suust Saare maalt.)",11,Western,,runosong (lyroepical),x,,
yes,h40100970040,"H IV 1, 97/8 (40)",erab,1888,erab_p1,Haljala,23,"Laeva mastimees madala,",37,North Estonian,,runosong (lyroepical),x,,
yes,h40401390001,"H IV 4, 139 (1)",erab,1891,erab_p50,Anseküla,8,Tubaka laul,37,North Estonian,,runosong (lyrical),x,some Western words,
yes,ve0604130059,"Veske 6, 413/5 (59)",erab,1872,erab_c108,Setumaa,24,Joba päiv om veeriman,38,South Estonian,,"newer, religious song",newer song,"this is a religious song, not runosong, perhaps SouthernEstonian literary influences",
yes,j01574,JR 01574,jr,1895,skvr_6585,Tolmačču,12,"(Toinen laulu, kun ""tyttölöill",21,Tveri dialect,Karelian orthography,transitional song (lyric / occasional),transitional,,
yes,j01593,JR 01593,jr,1895,skvr_6565,Maksuatiha,23,"Aivoin kalinane kukkiv,",21,Tveri dialect,Karelian orthography,transitional song (lyric / narrative),transitional,,
yes,j01598,JR 01598,jr,1895,skvr_6565,Maksuatiha,12,On pellon peräššä kyläńe pi,21,Tveri dialect,Karelian orthography,transitional (lyric),transitional,,
yes,j02070,JR 02070,jr,1923,skvr_6438,Narvusi,18,PULMALAULU,23,Soikkola dialect,Finnish orthography,runosong (wedding song),x,,
yes,j02742,JR 02742,jr,1872,skvr_6230,Repola,179,(Kalevan poika - Kantele - Sam,19,South dialect,Karelian orthography,runosong (narrative),x,,
yes,j03901,JR 03901,jr,1848,skvr_3440,Savitaipale,8,"Woi! Kuin olen oppinnaa,",4,Savo dialect,amateur orthography?,rhymed song (lyric),rhymed,,
yes,j04827,JR 04827,jr,1934,skvr_6285,Tulemajärvi,4,Syndyy kuuntelemassa,20,Livvi dialect,Karelian orthography,runosong / transitional (charm / proberb),x & transitional,,
yes,j05114,JR 05114,jr,1935,skvr_4140,Suistamo,9,Lapsen tuudittaissa,19,South dialect,Karelian orthography,runosong /lyric),x,,
yes,j06699,JR 06699,jr,1945,skvr_2171,Pyhäjärvi Ul,5,Vanhaan aikaan laskiaisen liuk,5,Southeastern dialect,Finnish orthography,runosong (charm),x,,
yes,j09179,JR 09179,jr,1902,skvr_9200,Itä- ja Pohjois-Inkeri,20,"Sulhokainen, kaunokainen,",5,Southeastern dialect,Finnish orthography,runosong (wedding song),x,,
yes,j17753,JR 17753,jr,1931,skvr_6065,Pistojärvi,56,IRO NEITI,18,Viena Karelian,Finnish orthography,runosong (narrative),x,,
yes,j18006,JR 18006,jr,1932,skvr_9170,Viena,7,LEIKKILUKU,18,Viena Karelian,Finnish orthography,song for children,six beat meter,,
yes,j21330,JR 21330,jr,1910,skvr_471,Uskela,9,Oravia äräviä,1,Southwestern dialect,Finnish orthography,song for children,six beat meter,,
yes,j25563,JR 25563,jr,1935,skvr_721,Kiikka,7,"Kätken kiveä, sotken savea",36,Häme dialect / Standard Finnish runosong idiom,Finnish orthography,song for children,six beat meter,,
yes,j26224,JR 26224,jr,1911,skvr_480,Suomusjärvi,6,Sormet,36,Standard FInnish,Finnish orthography,song for children,six beat meter,onomatopoetic version of some counting rhyme in some Indo-European languages,
yes,j34982,JR 34982,jr,1962,skvr_2960,Hankasalmi,9,Hussi sika mehtään,4,Savo,Finnish orthography,song for children,six beat meter,,
no,j35306,JR 35306,jr,1937,skvr_6438,Narvusi,69,"Meiän kudravoi kuninGas,",23,Soikkola Ingrian,,runosong (narrative),x,,
yes,j36179,JR 36179,jr,1938,skvr_6030,Kontokki,4,"Tuutin lasta turviksen,",18,Viena Karelian,,runosong (lullaby),x,,
yes,j36303,JR 36303,jr,1942,skvr_6165,Kuujärvi,11,SUARU,22,Ludic,,tale,rhythmic prose,,
yes,j36333,JR 36333,jr,1942,skvr_6165,Kuujärvi,12,MADON PUHE (Käärmeen loitsu),22,Ludic,,runosong (charm),x,,
yes,j36339,JR 36339,jr,1942,skvr_6165,Kuujärvi,9,ILMAN NENA,22,Ludic,,charm,rhythmic charm,,
yes,j36405,JR 36405,jr,1942,skvr_6165,Kuujärvi,6,KOIRANNÄNNI,22,Ludic,,charm,prose,,
yes,skvr03105890,SKVR III1 589.,skvr,1877,skvr_6460,Soikkola,17,"Ukokkine, akakkine,",23,Soikkola Ingrian,Ingrian,runosong (chidren's song),x,,
yes,skvr03105930,SKVR III1 593.,skvr,1877,skvr_6460,Soikkola,24,Päämees on<REFNR>1</REFNR> poj,23,Soikkola Ingrian,Ingrian,runosong (wedding song),x,,
yes,skvr04139610,SKVR IV3 3961.,skvr,1914,skvr_6375,Kaprio,26,Laak laulan surruuisen virren,24,Hevaa Ingrian,Finnish,runosong (narrative),x,some Finnish features,
yes,skvr04140590,SKVR IV3 4059.,skvr,1891,skvr_6375,Kaprio,46,"Armotoin isotoin tyttö,",24,Hevaa Ingrian,Finnish,runosong (lyrical),x,,
yes,skvr04145940,SKVR IV3 Vatja 4594.,skvr,1831,skvr_6450,Kattila,27,"Tschylve, tschylve, velvyeni,",26,Votic,old non-standard Votic,runosong (wedding song),x,,
yes,skvr04146480,SKVR IV3 Vatja 4648.,skvr,1854,skvr_6450,Kattila,48,Nôrikkoa terweüttä̂s rihêse,26,Votic,old non-standard Votic,runosong (wedding song),x,,
yes,skvr04147520,SKVR IV3 Vatja 4752.,skvr,1901,skvr_6450,Kattila,16,"Tiiro tiiro, linnukkaine̮!",26,Votic,nonstandard Votic,runosong (children's song),x,,
